{
  "frame_id": "000210",
  "color_info": {
    "header": {
      "stamp_sec": 1775737596,
      "stamp_nanosec": 547660032,
      "frame_id": "camera_color_optical_frame"
    },
    "height": 480,
    "width": 640,
    "distortion_model": "plumb_bob",
    "d": [
      0.005665887612849474,
      -0.04852113500237465,
      -0.0003387444303371012,
      -0.0005633766995742917,
      0.033015791326761246,
      0.0,
      0.0,
      0.0
    ],
    "k": [
      461.07720947265625,
      0.0,
      318.0372009277344,
      0.0,
      461.29638671875,
      236.3270721435547,
      0.0,
      0.0,
      1.0
    ],
    "r": [
      1.0,
      0.0,
      0.0,
      0.0,
      1.0,
      0.0,
      0.0,
      0.0,
      1.0
    ],
    "p": [
      461.07720947265625,
      0.0,
      318.0372009277344,
      0.0,
      0.0,
      461.29638671875,
      236.3270721435547,
      0.0,
      0.0,
      0.0,
      1.0,
      0.0
    ],
    "binning_x": 0,
    "binning_y": 0
  },
  "depth_info": {
    "header": {
      "stamp_sec": 1775737596,
      "stamp_nanosec": 547824896,
      "frame_id": "camera_color_optical_frame"
    },
    "height": 480,
    "width": 640,
    "distortion_model": "plumb_bob",
    "d": [
      0.0,
      0.0,
      0.0,
      0.0,
      0.0,
      0.0,
      0.0,
      0.0
    ],
    "k": [
      461.07720947265625,
      0.0,
      318.0372009277344,
      0.0,
      461.29638671875,
      236.3270721435547,
      0.0,
      0.0,
      1.0
    ],
    "r": [
      1.0,
      0.0,
      0.0,
      0.0,
      1.0,
      0.0,
      0.0,
      0.0,
      1.0
    ],
    "p": [
      461.07720947265625,
      0.0,
      318.0372009277344,
      0.0,
      0.0,
      461.29638671875,
      236.3270721435547,
      0.0,
      0.0,
      0.0,
      1.0,
      0.0
    ],
    "binning_x": 0,
    "binning_y": 0
  },
  "color_image_encoding": "rgb8",
  "depth_image_encoding": "16UC1"
}